{"cameraMode":{"drawMode":0,"name":"Shaded","section":"Shading Mode"},"sceneLighting":true,"audioPlay":false,"sceneViewState":{"m_AlwaysRefresh":false,"showFog":true,"showSkybox":true,"showFlares":true,"showImageEffects":true,"showParticleSystems":true,"showVisualEffectGraphs":true,"m_FxEnabled":true},"in2DMode":false,"pivot":{"x":6.819799900054932,"y":4.928131103515625,"z":-0.8091578483581543},"rotation":{"x":-0.14454777538776399,"y":0.10016538947820664,"z":-0.014716699719429016,"w":-0.9843171834945679},"size":21.491708755493165,"orthographic":false}